{
  "total_episodes": 500,
  "final_epsilon": 0.01,
  "rewards": {
    "mean": -273.30459253162144,
    "std": 45.17661043412192,
    "min": -509.07169860601425,
    "max": -220.28294444084167
  },
  "last_100_reward_mean": -259.60030089870094,
  "timestamp": "2025-12-28T10:36:31.631149"
}