{
  "total_episodes": 5,
  "final_epsilon": 0.8587340256999999,
  "rewards": {
    "mean": -105.19165253043175,
    "std": 42.47423541127316,
    "min": -151.9054705053568,
    "max": -55.78965190052986
  },
  "last_100_reward_mean": null,
  "timestamp": "2025-12-27T13:55:54.451659"
}