{
  "total_episodes": 10,
  "final_epsilon": 0.9511101304657719,
  "rewards": {
    "mean": 794.7035149993575,
    "std": 131.29707432054863,
    "min": 603.4499084318522,
    "max": 1117.6325856401236
  },
  "last_100_reward_mean": null,
  "timestamp": "2025-12-26T15:16:04.242437"
}