{
  "total_episodes": 200,
  "final_epsilon": 0.01,
  "rewards": {
    "mean": -271.0383975055814,
    "std": 53.00317943800243,
    "min": -536.7178061753511,
    "max": -224.94097864627838
  },
  "last_100_reward_mean": -250.815301990211,
  "timestamp": "2025-12-27T21:50:18.995287"
}